{"bitcoin_prices": [16441.979978419113, 17186.502572066118, 16972.73406077455, 17084.87334047068, 16923.38287008033, 17149.93175096291, 16973.372577553495, 17085.64314125141, 16851.30346863184, 17235.014157992136], "bitcoin_mr_profit": 0, "bitcoin_mr_returns": "No returns", "bitcoin_sma_profit": -17645.913004021124, "bitcoin_sma_returns": -0.7983199873605329}